p31,Sex,502366,https://biobank.ndph.ox.ac.uk/ukb/field.cgi?id=31
p33,Date of birth,502366,https://biobank.ndph.ox.ac.uk/ukb/field.cgi?id=33
p34,Year of birth,502366,https://biobank.ndph.ox.ac.uk/ukb/field.cgi?id=34
p48,Waist circumference,500290,https://biobank.ndph.ox.ac.uk/ukb/field.cgi?id=48
p49,Hip circumference,500226,https://biobank.ndph.ox.ac.uk/ukb/field.cgi?id=49
p50,Standing height,499930,https://biobank.ndph.ox.ac.uk/ukb/field.cgi?id=50
p52,Month of birth,502366,https://biobank.ndph.ox.ac.uk/ukb/field.cgi?id=52

p74,Fasting time,501183,https://biobank.ndph.ox.ac.uk/ukb/field.cgi?id=74

p84,Cancer year/age first occurred,47755,https://biobank.ndph.ox.ac.uk/ukb/field.cgi?id=84
p87,Non-cancer illness year/age first occurred,391820,https://biobank.ndph.ox.ac.uk/ukb/field.cgi?id=87
p92,Operation year/age first occurred,401987,https://biobank.ndph.ox.ac.uk/ukb/field.cgi?id=92
p93,"Systolic blood pressure, manual reading",51604,https://biobank.ndph.ox.ac.uk/ukb/field.cgi?id=93
p94,"Diastolic blood pressure, manual reading",51604,https://biobank.ndph.ox.ac.uk/ukb/field.cgi?id=94

p96,Time since interview start at which blood pressure screen(s) shown,501525,https://biobank.ndph.ox.ac.uk/ukb/field.cgi?id=96

p132,Job code at visit - entered,347110,https://biobank.ndph.ox.ac.uk/ukb/field.cgi?id=132
p134,Number of self-reported cancers,501525,https://biobank.ndph.ox.ac.uk/ukb/field.cgi?id=134
p135,Number of self-reported non-cancer illnesses,501525,https://biobank.ndph.ox.ac.uk/ukb/field.cgi?id=135

p189,Townsend deprivation index at recruitment,501740,https://biobank.ndph.ox.ac.uk/ukb/field.cgi?id=189
p190,Reason lost to follow-up,1297,https://biobank.ndph.ox.ac.uk/ukb/field.cgi?id=190
p191,Date lost to follow-up,1297,https://biobank.ndph.ox.ac.uk/ukb/field.cgi?id=191

p670,Type of accommodation lived in,501527,https://biobank.ndph.ox.ac.uk/ukb/field.cgi?id=670
p680,Own or rent accommodation lived in,500149,https://biobank.ndph.ox.ac.uk/ukb/field.cgi?id=680
p699,Length of time at current address,501523,https://biobank.ndph.ox.ac.uk/ukb/field.cgi?id=699

p738,Average total household income before tax,497480,https://biobank.ndph.ox.ac.uk/ukb/field.cgi?id=738

p806,Job involves mainly walking or standing,288702,https://biobank.ndph.ox.ac.uk/ukb/field.cgi?id=806
p816,Job involves heavy manual or physical work,288702,https://biobank.ndph.ox.ac.uk/ukb/field.cgi?id=816
p826,Job involves shift work,288702,https://biobank.ndph.ox.ac.uk/ukb/field.cgi?id=826
p845,Age completed full time education,337333,https://biobank.ndph.ox.ac.uk/ukb/field.cgi?id=845
p864,Number of days/week walked 10+ minutes,501516,https://biobank.ndph.ox.ac.uk/ukb/field.cgi?id=864
p874,Duration of walks,480650,https://biobank.ndph.ox.ac.uk/ukb/field.cgi?id=874
p884,Number of days/week of moderate physical activity 10+ minutes,501512,https://biobank.ndph.ox.ac.uk/ukb/field.cgi?id=884
p894,Duration of moderate activity,420364,https://biobank.ndph.ox.ac.uk/ukb/field.cgi?id=894
p904,Number of days/week of vigorous physical activity 10+ minutes,501512,https://biobank.ndph.ox.ac.uk/ukb/field.cgi?id=904
p914,Duration of vigorous activity,307765,https://biobank.ndph.ox.ac.uk/ukb/field.cgi?id=914
p924,Usual walking pace,499626,https://biobank.ndph.ox.ac.uk/ukb/field.cgi?id=924
p943,Frequency of stair climbing in last 4 weeks,496960,https://biobank.ndph.ox.ac.uk/ukb/field.cgi?id=943
p971,Frequency of walking for pleasure in last 4 weeks,363526,https://biobank.ndph.ox.ac.uk/ukb/field.cgi?id=971
p981,Duration walking for pleasure,363526,https://biobank.ndph.ox.ac.uk/ukb/field.cgi?id=981
p991,Frequency of strenuous sports in last 4 weeks,54748,https://biobank.ndph.ox.ac.uk/ukb/field.cgi?id=991
p1001,Duration of strenuous sports,54748,https://biobank.ndph.ox.ac.uk/ukb/field.cgi?id=1001
p1011,Frequency of light DIY in last 4 weeks,265295,https://biobank.ndph.ox.ac.uk/ukb/field.cgi?id=1011
p1021,Duration of light DIY,265295,https://biobank.ndph.ox.ac.uk/ukb/field.cgi?id=1021

p1239,Current tobacco smoking,501500,https://biobank.ndph.ox.ac.uk/ukb/field.cgi?id=1239
p1249,Past tobacco smoking,464200,https://biobank.ndph.ox.ac.uk/ukb/field.cgi?id=1249
p1259,Smoking/smokers in household,461855,https://biobank.ndph.ox.ac.uk/ukb/field.cgi?id=1259
p1269,Exposure to tobacco smoke at home,464571,https://biobank.ndph.ox.ac.uk/ukb/field.cgi?id=1269
p1279,Exposure to tobacco smoke outside home,464571,https://biobank.ndph.ox.ac.uk/ukb/field.cgi?id=1279

p1289,Cooked vegetable intake,501498,https://biobank.ndph.ox.ac.uk/ukb/field.cgi?id=1289
p1299,Salad / raw vegetable intake,501498,https://biobank.ndph.ox.ac.uk/ukb/field.cgi?id=1299
p1309,Fresh fruit intake,501498,https://biobank.ndph.ox.ac.uk/ukb/field.cgi?id=1309
p1319,Dried fruit intake,501497,https://biobank.ndph.ox.ac.uk/ukb/field.cgi?id=1319
p1329,Oily fish intake,501497,https://biobank.ndph.ox.ac.uk/ukb/field.cgi?id=1329
p1339,Non-oily fish intake,501497,https://biobank.ndph.ox.ac.uk/ukb/field.cgi?id=1339
p1349,Processed meat intake,501496,https://biobank.ndph.ox.ac.uk/ukb/field.cgi?id=1349
p1359,Poultry intake,501496,https://biobank.ndph.ox.ac.uk/ukb/field.cgi?id=1359
p1369,Beef intake,501496,https://biobank.ndph.ox.ac.uk/ukb/field.cgi?id=1369
p1379,Lamb/mutton intake,501496,https://biobank.ndph.ox.ac.uk/ukb/field.cgi?id=1379
p1389,Pork intake,501494,https://biobank.ndph.ox.ac.uk/ukb/field.cgi?id=1389
p1408,Cheese intake,490408,https://biobank.ndph.ox.ac.uk/ukb/field.cgi?id=1408
p1418,Milk type used,501432,https://biobank.ndph.ox.ac.uk/ukb/field.cgi?id=1418
p1428,Spread type,498812,https://biobank.ndph.ox.ac.uk/ukb/field.cgi?id=1428
p1438,Bread intake,498812,https://biobank.ndph.ox.ac.uk/ukb/field.cgi?id=1438
p1448,Bread type,484235,https://biobank.ndph.ox.ac.uk/ukb/field.cgi?id=1448
p1458,Cereal intake,501400,https://biobank.ndph.ox.ac.uk/ukb/field.cgi?id=1458
p1468,Cereal type,420594,https://biobank.ndph.ox.ac.uk/ukb/field.cgi?id=1468
p1478,Salt added to food,501494,https://biobank.ndph.ox.ac.uk/ukb/field.cgi?id=1478
p1488,Tea intake,501494,https://biobank.ndph.ox.ac.uk/ukb/field.cgi?id=1488
p1498,Coffee intake,501494,https://biobank.ndph.ox.ac.uk/ukb/field.cgi?id=1498
p1508,Coffee type,393233,https://biobank.ndph.ox.ac.uk/ukb/field.cgi?id=1508
p1518,Hot drink temperature,501494,https://biobank.ndph.ox.ac.uk/ukb/field.cgi?id=1518
p1528,Water intake,501494,https://biobank.ndph.ox.ac.uk/ukb/field.cgi?id=1528
p1538,Major dietary changes in the last 5 years,501494,https://biobank.ndph.ox.ac.uk/ukb/field.cgi?id=1538
p1548,Variation in diet,498812,https://biobank.ndph.ox.ac.uk/ukb/field.cgi?id=1548

p1558,Alcohol intake frequency.,501494,https://biobank.ndph.ox.ac.uk/ukb/field.cgi?id=1558
p1568,Average weekly red wine intake,349990,https://biobank.ndph.ox.ac.uk/ukb/field.cgi?id=1568
p1578,Average weekly champagne plus white wine intake,349989,https://biobank.ndph.ox.ac.uk/ukb/field.cgi?id=1578
p1588,Average weekly beer plus cider intake,349989,https://biobank.ndph.ox.ac.uk/ukb/field.cgi?id=1588
p1598,Average weekly spirits intake,349989,https://biobank.ndph.ox.ac.uk/ukb/field.cgi?id=1598
p1608,Average weekly fortified wine intake,349989,https://biobank.ndph.ox.ac.uk/ukb/field.cgi?id=1608
p1618,Alcohol usually taken with meals,397424,https://biobank.ndph.ox.ac.uk/ukb/field.cgi?id=1618
p1628,Alcohol intake versus 10 years previously,460996,https://biobank.ndph.ox.ac.uk/ukb/field.cgi?id=1628

p1647,Country of birth (UK/elsewhere),501472,https://biobank.ndph.ox.ac.uk/ukb/field.cgi?id=1647

p2443,Diabetes diagnosed by doctor,501460,https://biobank.ndph.ox.ac.uk/ukb/field.cgi?id=2443
p2453,Cancer diagnosed by doctor,501460,https://biobank.ndph.ox.ac.uk/ukb/field.cgi?id=2453

p2624,Frequency of heavy DIY in last 4 weeks,219189,https://biobank.ndph.ox.ac.uk/ukb/field.cgi?id=2624
p2634,Duration of heavy DIY,219189,https://biobank.ndph.ox.ac.uk/ukb/field.cgi?id=2634

p2644,"Light smokers, at least 100 smokes in lifetime",143238,https://biobank.ndph.ox.ac.uk/ukb/field.cgi?id=2644
p2654,Non-butter spread type details,265818,https://biobank.ndph.ox.ac.uk/ukb/field.cgi?id=2654
p2664,Reason for reducing amount of alcohol drunk,223963,https://biobank.ndph.ox.ac.uk/ukb/field.cgi?id=2664

p2867,Age started smoking in former smokers,124379,https://biobank.ndph.ox.ac.uk/ukb/field.cgi?id=2867
p2877,Type of tobacco previously smoked,124379,https://biobank.ndph.ox.ac.uk/ukb/field.cgi?id=2877
p2887,Number of cigarettes previously smoked daily,118902,https://biobank.ndph.ox.ac.uk/ukb/field.cgi?id=2887
p2897,Age stopped smoking,124379,https://biobank.ndph.ox.ac.uk/ukb/field.cgi?id=2897
p2907,Ever stopped smoking for 6+ months,123655,https://biobank.ndph.ox.ac.uk/ukb/field.cgi?id=2907
p2926,Number of unsuccessful stop-smoking attempts,123655,https://biobank.ndph.ox.ac.uk/ukb/field.cgi?id=2926
p2936,Likelihood of resuming smoking,123655,https://biobank.ndph.ox.ac.uk/ukb/field.cgi?id=2936

p2966,Age high blood pressure diagnosed,143703,https://biobank.ndph.ox.ac.uk/ukb/field.cgi?id=2966
p2976,Age diabetes diagnosed,27887,https://biobank.ndph.ox.ac.uk/ukb/field.cgi?id=2976
p2986,Started insulin within one year diagnosis of diabetes,27913,https://biobank.ndph.ox.ac.uk/ukb/field.cgi?id=2986

p3159,Smoked cigarette or pipe within last hour,78893,https://biobank.ndph.ox.ac.uk/ukb/field.cgi?id=3159
p3160,"Weight, manual entry",9967,https://biobank.ndph.ox.ac.uk/ukb/field.cgi?id=3160

p3436,Age started smoking in current smokers,39595,https://biobank.ndph.ox.ac.uk/ukb/field.cgi?id=3436
p3446,Type of tobacco currently smoked,39595,https://biobank.ndph.ox.ac.uk/ukb/field.cgi?id=3446
p3456,Number of cigarettes currently smoked daily (current cigarette smokers),36798,https://biobank.ndph.ox.ac.uk/ukb/field.cgi?id=3456
p3466,Time from waking to first cigarette,36456,https://biobank.ndph.ox.ac.uk/ukb/field.cgi?id=3466
p3476,Difficulty not smoking for 1 day,36456,https://biobank.ndph.ox.ac.uk/ukb/field.cgi?id=3476
p3486,Ever tried to stop smoking,39595,https://biobank.ndph.ox.ac.uk/ukb/field.cgi?id=3486
p3496,Wants to stop smoking,39220,https://biobank.ndph.ox.ac.uk/ukb/field.cgi?id=3496
p3506,Smoking compared to 10 years previous,39595,https://biobank.ndph.ox.ac.uk/ukb/field.cgi?id=3506

p3637,Frequency of other exercises in last 4 weeks,248738,https://biobank.ndph.ox.ac.uk/ukb/field.cgi?id=3637
p3647,Duration of other exercises,248738,https://biobank.ndph.ox.ac.uk/ukb/field.cgi?id=3647
p3659,Year immigrated to UK (United Kingdom),44539,https://biobank.ndph.ox.ac.uk/ukb/field.cgi?id=3659

p3680,Age when last ate meat,21561,https://biobank.ndph.ox.ac.uk/ukb/field.cgi?id=3680

p3731,Former alcohol drinker,43179,https://biobank.ndph.ox.ac.uk/ukb/field.cgi?id=3731

p3741,Stomach/abdominal pain for 3+ months,47332,https://biobank.ndph.ox.ac.uk/ukb/field.cgi?id=3741

p3859,Reason former drinker stopped drinking alcohol,19860,https://biobank.ndph.ox.ac.uk/ukb/field.cgi?id=3859

p4079,"Diastolic blood pressure, automated reading",475844,https://biobank.ndph.ox.ac.uk/ukb/field.cgi?id=4079
p4080,"Systolic blood pressure, automated reading",475839,https://biobank.ndph.ox.ac.uk/ukb/field.cgi?id=4080

p4407,Average monthly red wine intake,56008,https://biobank.ndph.ox.ac.uk/ukb/field.cgi?id=4407
p4418,Average monthly champagne plus white wine intake,56008,https://biobank.ndph.ox.ac.uk/ukb/field.cgi?id=4418
p4429,Average monthly beer plus cider intake,56008,https://biobank.ndph.ox.ac.uk/ukb/field.cgi?id=4429
p4440,Average monthly spirits intake,56008,https://biobank.ndph.ox.ac.uk/ukb/field.cgi?id=4440
p4451,Average monthly fortified wine intake,56008,https://biobank.ndph.ox.ac.uk/ukb/field.cgi?id=4451
p4462,Average monthly intake of other alcoholic drinks,56008,https://biobank.ndph.ox.ac.uk/ukb/field.cgi?id=4462

p6017,Able to walk or cycle unaided for 10 minutes,96522,https://biobank.ndph.ox.ac.uk/ukb/field.cgi?id=6017
p6020,Completion status of test,95128,https://biobank.ndph.ox.ac.uk/ukb/field.cgi?id=6020
p6022,ECG during exercise duration,96524,https://biobank.ndph.ox.ac.uk/ukb/field.cgi?id=6022
p6032,Maximum workload during fitness test,95115,https://biobank.ndph.ox.ac.uk/ukb/field.cgi?id=6032
p6039,Duration of fitness test,95116,https://biobank.ndph.ox.ac.uk/ukb/field.cgi?id=6039

p6138,Qualifications,498838,https://biobank.ndph.ox.ac.uk/ukb/field.cgi?id=6138

p6142,Current employment status,501520,https://biobank.ndph.ox.ac.uk/ukb/field.cgi?id=6142

p6144,"Never eat eggs, dairy, wheat, sugar",498812,https://biobank.ndph.ox.ac.uk/ukb/field.cgi?id=6144

p6150,Vascular/heart problems diagnosed by doctor,501441,https://biobank.ndph.ox.ac.uk/ukb/field.cgi?id=6150

p6153,"Medication for cholesterol, blood pressure, diabetes, or take exogenous hormones",271367,https://biobank.ndph.ox.ac.uk/ukb/field.cgi?id=6153
p6154,"Medication for pain relief, constipation, heartburn",498777,https://biobank.ndph.ox.ac.uk/ukb/field.cgi?id=6154
p6155,Vitamin and mineral supplements,498777,https://biobank.ndph.ox.ac.uk/ukb/field.cgi?id=6155

p6157,Why stopped smoking,123655,https://biobank.ndph.ox.ac.uk/ukb/field.cgi?id=6157
p6158,Why reduced smoking,17284,https://biobank.ndph.ox.ac.uk/ukb/field.cgi?id=6158

p6164,Types of physical activity in last 4 weeks,497212,https://biobank.ndph.ox.ac.uk/ukb/field.cgi?id=6164
p6177,"Medication for cholesterol, blood pressure or diabetes",227398,https://biobank.ndph.ox.ac.uk/ukb/field.cgi?id=6177
p6179,Mineral and other dietary supplements,498776,https://biobank.ndph.ox.ac.uk/ukb/field.cgi?id=6179
p6183,Number of cigarettes previously smoked daily (current cigar/pipe smokers),1821,https://biobank.ndph.ox.ac.uk/ukb/field.cgi?id=6183
p6194,Age stopped smoking cigarettes (current cigar/pipe or previous cigarette smoker),1821,https://biobank.ndph.ox.ac.uk/ukb/field.cgi?id=6194

p10004,"Medication for pain relief, constipation, heartburn (pilot)",3770,https://biobank.ndph.ox.ac.uk/ukb/field.cgi?id=10004

p12143,Weight (pre-imaging),70442,https://biobank.ndph.ox.ac.uk/ukb/field.cgi?id=12143
p12144,Height,70442,https://biobank.ndph.ox.ac.uk/ukb/field.cgi?id=12144

p20001,"Cancer code, self-reported",47755,https://biobank.ndph.ox.ac.uk/ukb/field.cgi?id=20001
p20002,"Non-cancer illness code, self-reported",391819,https://biobank.ndph.ox.ac.uk/ukb/field.cgi?id=20002
p20003,Treatment/medication code,376448,https://biobank.ndph.ox.ac.uk/ukb/field.cgi?id=20003
p20004,Operation code,401986,https://biobank.ndph.ox.ac.uk/ukb/field.cgi?id=20004

p20006,Interpolated Year when cancer first diagnosed,47755,https://biobank.ndph.ox.ac.uk/ukb/field.cgi?id=20006
p20007,Interpolated Age of participant when cancer first diagnosed,47755,https://biobank.ndph.ox.ac.uk/ukb/field.cgi?id=20007
p20008,Interpolated Year when non-cancer illness first diagnosed,391819,https://biobank.ndph.ox.ac.uk/ukb/field.cgi?id=20008
p20009,Interpolated Age of participant when non-cancer illness first diagnosed,391819,https://biobank.ndph.ox.ac.uk/ukb/field.cgi?id=20009
p20010,Interpolated Year when operation took place,401985,https://biobank.ndph.ox.ac.uk/ukb/field.cgi?id=20010
p20011,Interpolated Age of participant when operation took place,401985,https://biobank.ndph.ox.ac.uk/ukb/field.cgi?id=20011
p20012,Method of recording time when cancer first diagnosed,47755,https://biobank.ndph.ox.ac.uk/ukb/field.cgi?id=20012
p20013,Method of recording time when non-cancer illness first diagnosed,391820,https://biobank.ndph.ox.ac.uk/ukb/field.cgi?id=20013
p20014,Method of recording time when operation occurred,401987,https://biobank.ndph.ox.ac.uk/ukb/field.cgi?id=20014

p20024,Job code at visit - deduced,14546,https://biobank.ndph.ox.ac.uk/ukb/field.cgi?id=20024

p20033,Home location at assessment - east co-ordinate (100m resolution),497829,https://biobank.ndph.ox.ac.uk/ukb/field.cgi?id=20033
p20034,Home location at assessment - north co-ordinate (100m resolution),497829,https://biobank.ndph.ox.ac.uk/ukb/field.cgi?id=20034
p20074,Home location at assessment - east co-ordinate (1km resolution),497829,https://biobank.ndph.ox.ac.uk/ukb/field.cgi?id=20074
p20075,Home location at assessment - north co-ordinate (1km resolution),497829,https://biobank.ndph.ox.ac.uk/ukb/field.cgi?id=20075

p20077,Number of diet questionnaires completed,210948,https://biobank.ndph.ox.ac.uk/ukb/field.cgi?id=20077
p20078,When diet questionnaire completion requested,210948,https://biobank.ndph.ox.ac.uk/ukb/field.cgi?id=20078
p20079,Day-of-week questionnaire completion requested,210945,https://biobank.ndph.ox.ac.uk/ukb/field.cgi?id=20079
p20080,Day-of-week questionnaire completed,210945,https://biobank.ndph.ox.ac.uk/ukb/field.cgi?id=20080
p20081,Hour-of-day questionnaire completed,210945,https://biobank.ndph.ox.ac.uk/ukb/field.cgi?id=20081
p20082,Duration of questionnaire,210945,https://biobank.ndph.ox.ac.uk/ukb/field.cgi?id=20082
p20083,Delay between questionnaire request and completion,210945,https://biobank.ndph.ox.ac.uk/ukb/field.cgi?id=20083
p20084,Vitamin and/or mineral supplement use,103812,https://biobank.ndph.ox.ac.uk/ukb/field.cgi?id=20084
p20085,Reason for not eating or drinking normally,67908,https://biobank.ndph.ox.ac.uk/ukb/field.cgi?id=20085
p20086,Type of special diet followed,58954,https://biobank.ndph.ox.ac.uk/ukb/field.cgi?id=20086
p20087,Types of spread used on bread/crackers,161157,https://biobank.ndph.ox.ac.uk/ukb/field.cgi?id=20087
p20088,Types of spreads/sauces consumed,145956,https://biobank.ndph.ox.ac.uk/ukb/field.cgi?id=20088
p20089,Type of meals eaten,204869,https://biobank.ndph.ox.ac.uk/ukb/field.cgi?id=20089
p20090,Type of fat/oil used in cooking,191455,https://biobank.ndph.ox.ac.uk/ukb/field.cgi?id=20090
p20091,Type of sliced bread eaten,159356,https://biobank.ndph.ox.ac.uk/ukb/field.cgi?id=20091
p20092,Type of baguette eaten,36153,https://biobank.ndph.ox.ac.uk/ukb/field.cgi?id=20092
p20093,Type of large bap eaten,14397,https://biobank.ndph.ox.ac.uk/ukb/field.cgi?id=20093
p20094,Type of bread roll eaten,54570,https://biobank.ndph.ox.ac.uk/ukb/field.cgi?id=20094
p20095,Size of white wine glass drunk,47025,https://biobank.ndph.ox.ac.uk/ukb/field.cgi?id=20095
p20096,Size of red wine glass drunk,59431,https://biobank.ndph.ox.ac.uk/ukb/field.cgi?id=20096
p20097,Size of rose wine glass drunk,10884,https://biobank.ndph.ox.ac.uk/ukb/field.cgi?id=20097
p20098,Thickness of butter/margarine spread on sliced bread,116382,https://biobank.ndph.ox.ac.uk/ukb/field.cgi?id=20098
p20099,Thickness of butter/margarine spread on baguettes,18453,https://biobank.ndph.ox.ac.uk/ukb/field.cgi?id=20099
p20100,Thickness of butter/margarine spread on large baps,5629,https://biobank.ndph.ox.ac.uk/ukb/field.cgi?id=20100
p20101,Thickness of butter/margarine spread on bread rolls,32217,https://biobank.ndph.ox.ac.uk/ukb/field.cgi?id=20101
p20102,Thickness of butter/margarine spread on crackers/crispbreads,14780,https://biobank.ndph.ox.ac.uk/ukb/field.cgi?id=20102
p20103,Thickness of butter/margarine spread on oatcakes,3479,https://biobank.ndph.ox.ac.uk/ukb/field.cgi?id=20103
p20104,Thickness of butter/margarine spread on other bread,10027,https://biobank.ndph.ox.ac.uk/ukb/field.cgi?id=20104
p20105,Liquid used to make porridge,47506,https://biobank.ndph.ox.ac.uk/ukb/field.cgi?id=20105
p20106,Type of yogurt eaten,89376,https://biobank.ndph.ox.ac.uk/ukb/field.cgi?id=20106

p20107,Illnesses of father,488092,https://biobank.ndph.ox.ac.uk/ukb/field.cgi?id=20107
p20108,Ingredients in canned soup,19941,https://biobank.ndph.ox.ac.uk/ukb/field.cgi?id=20108
p20109,Ingredients in homemade soup,32718,https://biobank.ndph.ox.ac.uk/ukb/field.cgi?id=20109
p20110,Illnesses of mother,492905,https://biobank.ndph.ox.ac.uk/ukb/field.cgi?id=20110
p20111,Illnesses of siblings,434161,https://biobank.ndph.ox.ac.uk/ukb/field.cgi?id=20111
p20112,Illnesses of adopted father,5319,https://biobank.ndph.ox.ac.uk/ukb/field.cgi?id=20112
p20113,Illnesses of adopted mother,5702,https://biobank.ndph.ox.ac.uk/ukb/field.cgi?id=20113
p20114,Illnesses of adopted siblings,3885,https://biobank.ndph.ox.ac.uk/ukb/field.cgi?id=20114
p20115,Country of Birth (non-UK origin),40557,https://biobank.ndph.ox.ac.uk/ukb/field.cgi?id=20115
p20116,Smoking status,501500,https://biobank.ndph.ox.ac.uk/ukb/field.cgi?id=20116
p20117,Alcohol drinker status,501494,https://biobank.ndph.ox.ac.uk/ukb/field.cgi?id=20117
p20119,Current employment status - corrected,3364,https://biobank.ndph.ox.ac.uk/ukb/field.cgi?id=20119

p20160,Ever smoked,499652,https://biobank.ndph.ox.ac.uk/ukb/field.cgi?id=20160
p20161,Pack years of smoking,153151,https://biobank.ndph.ox.ac.uk/ukb/field.cgi?id=20161
p20162,Pack years adult smoking as proportion of life span exposed to smoking,153151,https://biobank.ndph.ox.ac.uk/ukb/field.cgi?id=20162

p20201,Dixon technique for internal fat - DICOM,64710,https://biobank.ndph.ox.ac.uk/ukb/field.cgi?id=20201
p20203,Liver imaging - gradient echo - DICOM,10105,https://biobank.ndph.ox.ac.uk/ukb/field.cgi?id=20203
p20204,Liver Imaging - T1 ShMoLLI - DICOM,64310,https://biobank.ndph.ox.ac.uk/ukb/field.cgi?id=20204

p20254,Liver imaging - IDEAL protocol - DICOM,56216,https://biobank.ndph.ox.ac.uk/ukb/field.cgi?id=20254

p20277,Job code at visit,342563,https://biobank.ndph.ox.ac.uk/ukb/field.cgi?id=20277

p20403,Amount of alcohol drunk on a typical drinking day,143622,https://biobank.ndph.ox.ac.uk/ukb/field.cgi?id=20403

p20750,When food preferences questionnaire completed,182163,https://biobank.ndph.ox.ac.uk/ukb/field.cgi?id=20750

p21000,Ethnic background,501479,https://biobank.ndph.ox.ac.uk/ukb/field.cgi?id=21000
p21001,Body mass index (BMI),499393,https://biobank.ndph.ox.ac.uk/ukb/field.cgi?id=21001
p21002,Weight,499705,https://biobank.ndph.ox.ac.uk/ukb/field.cgi?id=21002
p21003,Age when attended assessment centre,502366,https://biobank.ndph.ox.ac.uk/ukb/field.cgi?id=21003

p21022,Age at recruitment,502366,https://biobank.ndph.ox.ac.uk/ukb/field.cgi?id=21022

p21065,Family history of IBS,174713,https://biobank.ndph.ox.ac.uk/ukb/field.cgi?id=21065
p21068,Diagnosed with coeliac disease or gluten sensitivity,174713,https://biobank.ndph.ox.ac.uk/ukb/field.cgi?id=21068

p21080,Liver volume,39015,https://biobank.ndph.ox.ac.uk/ukb/field.cgi?id=21080

p21085,Visceral fat volume,39015,https://biobank.ndph.ox.ac.uk/ukb/field.cgi?id=21085
p21086,Subcutaneous fat volume,39015,https://biobank.ndph.ox.ac.uk/ukb/field.cgi?id=21086
p21088,Liver PDFF (fat fraction),30775,https://biobank.ndph.ox.ac.uk/ukb/field.cgi?id=21088
p21089,Liver iron,30775,https://biobank.ndph.ox.ac.uk/ukb/field.cgi?id=21089
p21092,Liver PDFF (fat fraction) - gradient echo,10082,https://biobank.ndph.ox.ac.uk/ukb/field.cgi?id=21092
p21093,Liver iron (Fe) - gradient echo,10082,https://biobank.ndph.ox.ac.uk/ukb/field.cgi?id=21093

p22032,IPAQ activity group,394466,https://biobank.ndph.ox.ac.uk/ukb/field.cgi?id=22032
p22033,Summed days activity,394466,https://biobank.ndph.ox.ac.uk/ukb/field.cgi?id=22033
p22034,Summed minutes activity,394466,https://biobank.ndph.ox.ac.uk/ukb/field.cgi?id=22034
p22035,At or above moderate/vigorous recommendation,394466,https://biobank.ndph.ox.ac.uk/ukb/field.cgi?id=22035
p22036,At or above moderate/vigorous/walking recommendation,394466,https://biobank.ndph.ox.ac.uk/ukb/field.cgi?id=22036
p22037,MET minutes per week for walking,394466,https://biobank.ndph.ox.ac.uk/ukb/field.cgi?id=22037
p22038,MET minutes per week for moderate activity,394466,https://biobank.ndph.ox.ac.uk/ukb/field.cgi?id=22038
p22039,MET minutes per week for vigorous activity,394466,https://biobank.ndph.ox.ac.uk/ukb/field.cgi?id=22039
p22040,Summed MET minutes per week for all activity,394466,https://biobank.ndph.ox.ac.uk/ukb/field.cgi?id=22040


p22189,Townsend deprivation index at recruitment,501740,https://biobank.ndph.ox.ac.uk/ukb/field.cgi?id=22189
p22200,Year of birth,121248,https://biobank.ndph.ox.ac.uk/ukb/field.cgi?id=22200

p22400,Liver iron (Fe),1112,https://biobank.ndph.ox.ac.uk/ukb/field.cgi?id=22400
p22401,Liver inflammation factor (LIF),1095,https://biobank.ndph.ox.ac.uk/ukb/field.cgi?id=22401
p22402,Proton density fat fraction (PDFF),4614,https://biobank.ndph.ox.ac.uk/ukb/field.cgi?id=22402

p22407,Visceral adipose tissue volume (VAT),40178,https://biobank.ndph.ox.ac.uk/ukb/field.cgi?id=22407
p22408,Abdominal subcutaneous adipose tissue volume (ASAT),40167,https://biobank.ndph.ox.ac.uk/ukb/field.cgi?id=22408
p22415,Total adipose tissue volume,8522,https://biobank.ndph.ox.ac.uk/ukb/field.cgi?id=22415
p22416,Total lean tissue volume,8522,https://biobank.ndph.ox.ac.uk/ukb/field.cgi?id=22416
p22417,Liver iron corrected T1 (ct1),2816,https://biobank.ndph.ox.ac.uk/ukb/field.cgi?id=22417

p22432,Total abdominal adipose tissue index,40085,https://biobank.ndph.ox.ac.uk/ukb/field.cgi?id=22432
p22433,Weight-to-muscle ratio,39436,https://biobank.ndph.ox.ac.uk/ukb/field.cgi?id=22433
p22434,Abdominal fat ratio,39400,https://biobank.ndph.ox.ac.uk/ukb/field.cgi?id=22434
p22435,Muscle fat infiltration,39368,https://biobank.ndph.ox.ac.uk/ukb/field.cgi?id=22435
p22436,10P Liver PDFF (proton density fat fraction),9891,https://biobank.ndph.ox.ac.uk/ukb/field.cgi?id=22436

p22500,When occupational data entered,121248,https://biobank.ndph.ox.ac.uk/ukb/field.cgi?id=22500
p22501,Year ended full time education,121248,https://biobank.ndph.ox.ac.uk/ukb/field.cgi?id=22501

p22506,Tobacco smoking,121248,https://biobank.ndph.ox.ac.uk/ukb/field.cgi?id=22506
p22507,Age of stopping smoking,43998,https://biobank.ndph.ox.ac.uk/ukb/field.cgi?id=22507
p22508,Amount of tobacco currently smoked,2870,https://biobank.ndph.ox.ac.uk/ukb/field.cgi?id=22508
p22599,Number of jobs held,118651,https://biobank.ndph.ox.ac.uk/ukb/field.cgi?id=22599
p22600,Job title,120271,https://biobank.ndph.ox.ac.uk/ukb/field.cgi?id=22600
p22601,Job coding,120271,https://biobank.ndph.ox.ac.uk/ukb/field.cgi?id=22601
p22602,Year job started,120271,https://biobank.ndph.ox.ac.uk/ukb/field.cgi?id=22602
p22603,Year job ended,120271,https://biobank.ndph.ox.ac.uk/ukb/field.cgi?id=22603
p22617,Job code - historical,120271,https://biobank.ndph.ox.ac.uk/ukb/field.cgi?id=22617

p23016,HBc antigen for Hepatitis B Virus,9689,https://biobank.ndph.ox.ac.uk/ukb/field.cgi?id=23016
p23017,HBe antigen for Hepatitis B Virus,9689,https://biobank.ndph.ox.ac.uk/ukb/field.cgi?id=23017
p23018,Core antigen for Hepatitis C Virus,9689,https://biobank.ndph.ox.ac.uk/ukb/field.cgi?id=23018
p23019,NS3 antigen for Hepatitis C Virus,9689,https://biobank.ndph.ox.ac.uk/ukb/field.cgi?id=23019

p23060,HBV seropositivity for Hepatitis B Virus,9689,https://biobank.ndph.ox.ac.uk/ukb/field.cgi?id=23060
p23061,HCV seropositivity for Hepatitis C Virus,9689,https://biobank.ndph.ox.ac.uk/ukb/field.cgi?id=23061

p23098,Weight,493030,https://biobank.ndph.ox.ac.uk/ukb/field.cgi?id=23098
p23099,Body fat percentage,492781,https://biobank.ndph.ox.ac.uk/ukb/field.cgi?id=23099
p23100,Whole body fat mass,492256,https://biobank.ndph.ox.ac.uk/ukb/field.cgi?id=23100
p23101,Whole body fat-free mass,492983,https://biobank.ndph.ox.ac.uk/ukb/field.cgi?id=23101
p23102,Whole body water mass,493027,https://biobank.ndph.ox.ac.uk/ukb/field.cgi?id=23102
p23104,Body mass index (BMI),493025,https://biobank.ndph.ox.ac.uk/ukb/field.cgi?id=23104
p23105,Basal metabolic rate,493015,https://biobank.ndph.ox.ac.uk/ukb/field.cgi?id=23105
p23127,Trunk fat percentage,492783,https://biobank.ndph.ox.ac.uk/ukb/field.cgi?id=23127
p23128,Trunk fat mass,492761,https://biobank.ndph.ox.ac.uk/ukb/field.cgi?id=23128
p23129,Trunk fat-free mass,492692,https://biobank.ndph.ox.ac.uk/ukb/field.cgi?id=23129
p23130,Trunk predicted mass,492651,https://biobank.ndph.ox.ac.uk/ukb/field.cgi?id=23130

p23278,Total fat mass,41094,https://biobank.ndph.ox.ac.uk/ukb/field.cgi?id=23278
p23279,Total fat-free mass,41094,https://biobank.ndph.ox.ac.uk/ukb/field.cgi?id=23279
p23280,Total lean mass,41094,https://biobank.ndph.ox.ac.uk/ukb/field.cgi?id=23280
p23281,Total tissue fat percentage,48193,https://biobank.ndph.ox.ac.uk/ukb/field.cgi?id=23281
p23282,Total tissue mass,41094,https://biobank.ndph.ox.ac.uk/ukb/field.cgi?id=23282
p23283,Total mass,48193,https://biobank.ndph.ox.ac.uk/ukb/field.cgi?id=23283
p23284,Trunk fat mass,41094,https://biobank.ndph.ox.ac.uk/ukb/field.cgi?id=23284
p23285,Trunk lean mass,41094,https://biobank.ndph.ox.ac.uk/ukb/field.cgi?id=23285
p23286,Trunk tissue fat percentage,48193,https://biobank.ndph.ox.ac.uk/ukb/field.cgi?id=23286
p23287,Trunk total mass,48193,https://biobank.ndph.ox.ac.uk/ukb/field.cgi?id=23287
p23288,VAT (visceral adipose tissue) mass,40873,https://biobank.ndph.ox.ac.uk/ukb/field.cgi?id=23288
p23289,VAT (visceral adipose tissue) volume,40873,https://biobank.ndph.ox.ac.uk/ukb/field.cgi?id=23289

p26000,Total weight of all foods and beverages,210948,https://biobank.ndph.ox.ac.uk/ukb/field.cgi?id=26000
p26001,Total weight of beverages only,210948,https://biobank.ndph.ox.ac.uk/ukb/field.cgi?id=26001
p26002,Energy,210948,https://biobank.ndph.ox.ac.uk/ukb/field.cgi?id=26002
p26003,Energy from beverages,210948,https://biobank.ndph.ox.ac.uk/ukb/field.cgi?id=26003
p26004,Energy density,210948,https://biobank.ndph.ox.ac.uk/ukb/field.cgi?id=26004
p26005,Protein,210948,https://biobank.ndph.ox.ac.uk/ukb/field.cgi?id=26005
p26006,Vegetable protein,210948,https://biobank.ndph.ox.ac.uk/ukb/field.cgi?id=26006
p26007,Animal protein,210948,https://biobank.ndph.ox.ac.uk/ukb/field.cgi?id=26007
p26008,Fat,210948,https://biobank.ndph.ox.ac.uk/ukb/field.cgi?id=26008
p26009,Vegetable fat,210948,https://biobank.ndph.ox.ac.uk/ukb/field.cgi?id=26009
p26010,Animal fat,210948,https://biobank.ndph.ox.ac.uk/ukb/field.cgi?id=26010
p26011,Total sugars,210948,https://biobank.ndph.ox.ac.uk/ukb/field.cgi?id=26011
p26012,Free sugar,210948,https://biobank.ndph.ox.ac.uk/ukb/field.cgi?id=26012
p26013,Carbohydrate,210948,https://biobank.ndph.ox.ac.uk/ukb/field.cgi?id=26013
p26014,Saturated fatty acids,210948,https://biobank.ndph.ox.ac.uk/ukb/field.cgi?id=26014
p26015,n-3 fatty acids,210948,https://biobank.ndph.ox.ac.uk/ukb/field.cgi?id=26015
p26016,n-6 fatty acids,210948,https://biobank.ndph.ox.ac.uk/ukb/field.cgi?id=26016
p26017,Englyst fibre,210948,https://biobank.ndph.ox.ac.uk/ukb/field.cgi?id=26017
p26018,Calcium,210948,https://biobank.ndph.ox.ac.uk/ukb/field.cgi?id=26018
p26019,Iron,210948,https://biobank.ndph.ox.ac.uk/ukb/field.cgi?id=26019
p26020,Vitamin B6,210948,https://biobank.ndph.ox.ac.uk/ukb/field.cgi?id=26020
p26021,Vitamin B12,210948,https://biobank.ndph.ox.ac.uk/ukb/field.cgi?id=26021
p26022,Folate,210948,https://biobank.ndph.ox.ac.uk/ukb/field.cgi?id=26022
p26023,Vitamin C,210948,https://biobank.ndph.ox.ac.uk/ukb/field.cgi?id=26023
p26024,Potassium,210948,https://biobank.ndph.ox.ac.uk/ukb/field.cgi?id=26024
p26025,Magnesium,210948,https://biobank.ndph.ox.ac.uk/ukb/field.cgi?id=26025
p26026,Retinol,210948,https://biobank.ndph.ox.ac.uk/ukb/field.cgi?id=26026
p26027,Total carotene,210948,https://biobank.ndph.ox.ac.uk/ukb/field.cgi?id=26027
p26028,Vitamin E,210948,https://biobank.ndph.ox.ac.uk/ukb/field.cgi?id=26028
p26029,Vitamin D,210948,https://biobank.ndph.ox.ac.uk/ukb/field.cgi?id=26029
p26030,Alcohol,210948,https://biobank.ndph.ox.ac.uk/ukb/field.cgi?id=26030
p26031,Starch,210948,https://biobank.ndph.ox.ac.uk/ukb/field.cgi?id=26031
p26032,Monounsaturated fatty acids,210948,https://biobank.ndph.ox.ac.uk/ukb/field.cgi?id=26032
p26033,Zinc,210948,https://biobank.ndph.ox.ac.uk/ukb/field.cgi?id=26033
p26034,Thiamin,210948,https://biobank.ndph.ox.ac.uk/ukb/field.cgi?id=26034
p26035,Riboflavin,210948,https://biobank.ndph.ox.ac.uk/ukb/field.cgi?id=26035
p26036,Phosphorus,210948,https://biobank.ndph.ox.ac.uk/ukb/field.cgi?id=26036
p26037,Cholesterol,210948,https://biobank.ndph.ox.ac.uk/ukb/field.cgi?id=26037
p26038,Alpha-carotene,210948,https://biobank.ndph.ox.ac.uk/ukb/field.cgi?id=26038
p26039,Beta-carotene,210948,https://biobank.ndph.ox.ac.uk/ukb/field.cgi?id=26039
p26040,Beta cryptoxanthin,210948,https://biobank.ndph.ox.ac.uk/ukb/field.cgi?id=26040
p26041,Biotin,210948,https://biobank.ndph.ox.ac.uk/ukb/field.cgi?id=26041
p26042,Chloride,210948,https://biobank.ndph.ox.ac.uk/ukb/field.cgi?id=26042
p26043,Copper,210948,https://biobank.ndph.ox.ac.uk/ukb/field.cgi?id=26043
p26044,Fructose,210948,https://biobank.ndph.ox.ac.uk/ukb/field.cgi?id=26044
p26045,Glucose,210948,https://biobank.ndph.ox.ac.uk/ukb/field.cgi?id=26045
p26046,Haem iron,210948,https://biobank.ndph.ox.ac.uk/ukb/field.cgi?id=26046
p26047,Iodine,210948,https://biobank.ndph.ox.ac.uk/ukb/field.cgi?id=26047
p26048,Lactose,210948,https://biobank.ndph.ox.ac.uk/ukb/field.cgi?id=26048
p26049,Maltose,210948,https://biobank.ndph.ox.ac.uk/ukb/field.cgi?id=26049
p26050,Intrinsic and milk sugars,210948,https://biobank.ndph.ox.ac.uk/ukb/field.cgi?id=26050
p26051,Manganese,210948,https://biobank.ndph.ox.ac.uk/ukb/field.cgi?id=26051
p26052,Sodium,210948,https://biobank.ndph.ox.ac.uk/ukb/field.cgi?id=26052
p26053,Non-haem iron,210948,https://biobank.ndph.ox.ac.uk/ukb/field.cgi?id=26053
p26054,Niacin equivalent,210948,https://biobank.ndph.ox.ac.uk/ukb/field.cgi?id=26054
p26055,Non-milk extrinsic sugars,210948,https://biobank.ndph.ox.ac.uk/ukb/field.cgi?id=26055
p26056,Other Sugars,210948,https://biobank.ndph.ox.ac.uk/ukb/field.cgi?id=26056
p26057,Pantothenic acid,210948,https://biobank.ndph.ox.ac.uk/ukb/field.cgi?id=26057
p26058,Selenium,210948,https://biobank.ndph.ox.ac.uk/ukb/field.cgi?id=26058
p26059,Sucrose,210948,https://biobank.ndph.ox.ac.uk/ukb/field.cgi?id=26059
p26060,Total nitrogen,210948,https://biobank.ndph.ox.ac.uk/ukb/field.cgi?id=26060
p26061,Vitamin A retinol equivalents,210948,https://biobank.ndph.ox.ac.uk/ukb/field.cgi?id=26061
p26062,Animal fat spread lower fat,210948,https://biobank.ndph.ox.ac.uk/ukb/field.cgi?id=26062
p26063,Animal fat spread normal,210948,https://biobank.ndph.ox.ac.uk/ukb/field.cgi?id=26063
p26064,Added sugars and preserves,210948,https://biobank.ndph.ox.ac.uk/ukb/field.cgi?id=26064
p26065,Allium vegetables,210948,https://biobank.ndph.ox.ac.uk/ukb/field.cgi?id=26065
p26066,Beef,210948,https://biobank.ndph.ox.ac.uk/ukb/field.cgi?id=26066
p26067,Beer and cider,210948,https://biobank.ndph.ox.ac.uk/ukb/field.cgi?id=26067
p26068,Biscuits,210948,https://biobank.ndph.ox.ac.uk/ukb/field.cgi?id=26068
p26069,Breaded/battered chicken,210948,https://biobank.ndph.ox.ac.uk/ukb/field.cgi?id=26069
p26070,Breaded/battered fish,210948,https://biobank.ndph.ox.ac.uk/ukb/field.cgi?id=26070
p26071,"Mixed bread (50/50), brown and seeded",210948,https://biobank.ndph.ox.ac.uk/ukb/field.cgi?id=26071
p26072,Other bread,210948,https://biobank.ndph.ox.ac.uk/ukb/field.cgi?id=26072
p26073,White bread,210948,https://biobank.ndph.ox.ac.uk/ukb/field.cgi?id=26073
p26074,Wholemeal bread,210948,https://biobank.ndph.ox.ac.uk/ukb/field.cgi?id=26074
p26075,Biscuit cereal,210948,https://biobank.ndph.ox.ac.uk/ukb/field.cgi?id=26075
p26076,Bran cereal,210948,https://biobank.ndph.ox.ac.uk/ukb/field.cgi?id=26076
p26077,Oat cereal (non sugar),210948,https://biobank.ndph.ox.ac.uk/ukb/field.cgi?id=26077
p26078,Oat cereal (sugar),210948,https://biobank.ndph.ox.ac.uk/ukb/field.cgi?id=26078
p26079,Other cereal (sugar),210948,https://biobank.ndph.ox.ac.uk/ukb/field.cgi?id=26079
p26080,Chocolate confectionery,210948,https://biobank.ndph.ox.ac.uk/ukb/field.cgi?id=26080
p26081,"Coffee, caffeinated",210948,https://biobank.ndph.ox.ac.uk/ukb/field.cgi?id=26081
p26082,"Coffee, decaffeinated",210948,https://biobank.ndph.ox.ac.uk/ukb/field.cgi?id=26082
p26083,Savoury crackers,210948,https://biobank.ndph.ox.ac.uk/ukb/field.cgi?id=26083
p26084,Milk-dairy desserts,210948,https://biobank.ndph.ox.ac.uk/ukb/field.cgi?id=26084
p26085,Other desserts and cakes and pastries,210948,https://biobank.ndph.ox.ac.uk/ukb/field.cgi?id=26085
p26086,Soy desserts and yogurt,210948,https://biobank.ndph.ox.ac.uk/ukb/field.cgi?id=26086
p26087,Milk-based and powdered drinks,210948,https://biobank.ndph.ox.ac.uk/ukb/field.cgi?id=26087
p26088,Egg and egg dishes,210948,https://biobank.ndph.ox.ac.uk/ukb/field.cgi?id=26088
p26089,Apples and pears,210948,https://biobank.ndph.ox.ac.uk/ukb/field.cgi?id=26089
p26090,Berries,210948,https://biobank.ndph.ox.ac.uk/ukb/field.cgi?id=26090
p26091,Citrus,210948,https://biobank.ndph.ox.ac.uk/ukb/field.cgi?id=26091
p26092,Dried fruit,210948,https://biobank.ndph.ox.ac.uk/ukb/field.cgi?id=26092
p26093,Other fruit,210948,https://biobank.ndph.ox.ac.uk/ukb/field.cgi?id=26093
p26094,Stewed fruit,210948,https://biobank.ndph.ox.ac.uk/ukb/field.cgi?id=26094
p26095,Fruit juice,210948,https://biobank.ndph.ox.ac.uk/ukb/field.cgi?id=26095
p26096,Full fat yogurt,210948,https://biobank.ndph.ox.ac.uk/ukb/field.cgi?id=26096
p26097,Grain dishes - added fat,210948,https://biobank.ndph.ox.ac.uk/ukb/field.cgi?id=26097
p26098,Green leafy/cabbages,210948,https://biobank.ndph.ox.ac.uk/ukb/field.cgi?id=26098
p26099,High fat cheese,210948,https://biobank.ndph.ox.ac.uk/ukb/field.cgi?id=26099
p26100,Lamb,210948,https://biobank.ndph.ox.ac.uk/ukb/field.cgi?id=26100
p26101,Legumes and pulses,210948,https://biobank.ndph.ox.ac.uk/ukb/field.cgi?id=26101
p26102,Low fat yogurt,210948,https://biobank.ndph.ox.ac.uk/ukb/field.cgi?id=26102
p26103,Medium and low fat cheese,210948,https://biobank.ndph.ox.ac.uk/ukb/field.cgi?id=26103
p26104,"Other meat, offal",210948,https://biobank.ndph.ox.ac.uk/ukb/field.cgi?id=26104
p26105,Muesli,210948,https://biobank.ndph.ox.ac.uk/ukb/field.cgi?id=26105
p26106,Nut-based spreads,210948,https://biobank.ndph.ox.ac.uk/ukb/field.cgi?id=26106
p26107,Unsalted nuts and seeds,210948,https://biobank.ndph.ox.ac.uk/ukb/field.cgi?id=26107
p26108,Salted nuts and seeds,210948,https://biobank.ndph.ox.ac.uk/ukb/field.cgi?id=26108
p26109,Oily fish,210948,https://biobank.ndph.ox.ac.uk/ukb/field.cgi?id=26109
p26110,Olive oil (drizzling/dunking),210948,https://biobank.ndph.ox.ac.uk/ukb/field.cgi?id=26110
p26111,Plant-based spread lower fat,210948,https://biobank.ndph.ox.ac.uk/ukb/field.cgi?id=26111
p26112,Plant-based spread normal,210948,https://biobank.ndph.ox.ac.uk/ukb/field.cgi?id=26112
p26113,White pasta and rice,210948,https://biobank.ndph.ox.ac.uk/ukb/field.cgi?id=26113
p26114,"Wholemeal pasta, brown rice and other wholegrains",210948,https://biobank.ndph.ox.ac.uk/ukb/field.cgi?id=26114
p26115,Peas and sweetcorn,210948,https://biobank.ndph.ox.ac.uk/ukb/field.cgi?id=26115
p26116,Pizza,210948,https://biobank.ndph.ox.ac.uk/ukb/field.cgi?id=26116
p26117,Pork,210948,https://biobank.ndph.ox.ac.uk/ukb/field.cgi?id=26117
p26118,Potatoes and sweet potatoes (baked/boiled),210948,https://biobank.ndph.ox.ac.uk/ukb/field.cgi?id=26118
p26119,Fried/roast potatoes,210948,https://biobank.ndph.ox.ac.uk/ukb/field.cgi?id=26119
p26120,Mashed potatoes,210948,https://biobank.ndph.ox.ac.uk/ukb/field.cgi?id=26120
p26121,Poultry,210948,https://biobank.ndph.ox.ac.uk/ukb/field.cgi?id=26121
p26122,Processed meat,210948,https://biobank.ndph.ox.ac.uk/ukb/field.cgi?id=26122
p26123,Raw salad,210948,https://biobank.ndph.ox.ac.uk/ukb/field.cgi?id=26123
p26124,Rice/oat milk,210948,https://biobank.ndph.ox.ac.uk/ukb/field.cgi?id=26124
p26125,Root vegetables,210948,https://biobank.ndph.ox.ac.uk/ukb/field.cgi?id=26125
p26126,Low/non sugar sugar-sweetened beverages,210948,https://biobank.ndph.ox.ac.uk/ukb/field.cgi?id=26126
p26127,Sugar-sweetened beverages and other sugary drinks,210948,https://biobank.ndph.ox.ac.uk/ukb/field.cgi?id=26127
p26128,"Samosa, pakora",210948,https://biobank.ndph.ox.ac.uk/ukb/field.cgi?id=26128
p26129,Sauces and condiments (high fat),210948,https://biobank.ndph.ox.ac.uk/ukb/field.cgi?id=26129
p26130,Sauces and condiments (low fat),210948,https://biobank.ndph.ox.ac.uk/ukb/field.cgi?id=26130
p26131,Semi skimmed milk,210948,https://biobank.ndph.ox.ac.uk/ukb/field.cgi?id=26131
p26132,Shellfish,210948,https://biobank.ndph.ox.ac.uk/ukb/field.cgi?id=26132
p26133,Skimmed milk and cholesterol-lowering milk,210948,https://biobank.ndph.ox.ac.uk/ukb/field.cgi?id=26133
p26134,Savoury snacks,210948,https://biobank.ndph.ox.ac.uk/ukb/field.cgi?id=26134
p26135,Soups,210948,https://biobank.ndph.ox.ac.uk/ukb/field.cgi?id=26135
p26136,Soy milk,210948,https://biobank.ndph.ox.ac.uk/ukb/field.cgi?id=26136
p26137,Meat substitutes - soy,210948,https://biobank.ndph.ox.ac.uk/ukb/field.cgi?id=26137
p26138,Spirits,210948,https://biobank.ndph.ox.ac.uk/ukb/field.cgi?id=26138
p26139,Sushi,210948,https://biobank.ndph.ox.ac.uk/ukb/field.cgi?id=26139
p26140,Other sweets,210948,https://biobank.ndph.ox.ac.uk/ukb/field.cgi?id=26140
p26141,Tea,210948,https://biobank.ndph.ox.ac.uk/ukb/field.cgi?id=26141
p26142,"Tea, decaffeinated",210948,https://biobank.ndph.ox.ac.uk/ukb/field.cgi?id=26142
p26143,Tomatoes,210948,https://biobank.ndph.ox.ac.uk/ukb/field.cgi?id=26143
p26144,Vegetable dips,210948,https://biobank.ndph.ox.ac.uk/ukb/field.cgi?id=26144
p26145,Meat substitutes - vegetarian,210948,https://biobank.ndph.ox.ac.uk/ukb/field.cgi?id=26145
p26146,"Other vegetables, including mushrooms, fruiting and mixed vegetables",210948,https://biobank.ndph.ox.ac.uk/ukb/field.cgi?id=26146
p26147,Vegetable side dishes,210948,https://biobank.ndph.ox.ac.uk/ukb/field.cgi?id=26147
p26148,Water (still and sparkling),210948,https://biobank.ndph.ox.ac.uk/ukb/field.cgi?id=26148
p26149,White fish and tinned tuna,210948,https://biobank.ndph.ox.ac.uk/ukb/field.cgi?id=26149
p26150,Whole milk,210948,https://biobank.ndph.ox.ac.uk/ukb/field.cgi?id=26150
p26151,Fortified wine,210948,https://biobank.ndph.ox.ac.uk/ukb/field.cgi?id=26151
p26152,Red wine,210948,https://biobank.ndph.ox.ac.uk/ukb/field.cgi?id=26152
p26153,White wine,210948,https://biobank.ndph.ox.ac.uk/ukb/field.cgi?id=26153
p26154,Cream,210948,https://biobank.ndph.ox.ac.uk/ukb/field.cgi?id=26154
p26155,Trans fatty acids,210948,https://biobank.ndph.ox.ac.uk/ukb/field.cgi?id=26155

p26410,Index of Multiple Deprivation (England),432607,https://biobank.ndph.ox.ac.uk/ukb/field.cgi?id=26410
p26411,Income score (England),432607,https://biobank.ndph.ox.ac.uk/ukb/field.cgi?id=26411
p26412,Employment score (England),432607,https://biobank.ndph.ox.ac.uk/ukb/field.cgi?id=26412
p26413,Health score (England),432607,https://biobank.ndph.ox.ac.uk/ukb/field.cgi?id=26413
p26414,Education score (England),432607,https://biobank.ndph.ox.ac.uk/ukb/field.cgi?id=26414
p26415,Housing score (England),432607,https://biobank.ndph.ox.ac.uk/ukb/field.cgi?id=26415
p26416,Crime score (England),432607,https://biobank.ndph.ox.ac.uk/ukb/field.cgi?id=26416
p26417,Living environment score (England),432607,https://biobank.ndph.ox.ac.uk/ukb/field.cgi?id=26417
p26418,Income score (Wales),21182,https://biobank.ndph.ox.ac.uk/ukb/field.cgi?id=26418
p26419,Employment score (Wales),21182,https://biobank.ndph.ox.ac.uk/ukb/field.cgi?id=26419
p26420,Health score (Wales),21182,https://biobank.ndph.ox.ac.uk/ukb/field.cgi?id=26420
p26421,Education score (Wales),21182,https://biobank.ndph.ox.ac.uk/ukb/field.cgi?id=26421
p26422,Access to services score (Wales),21182,https://biobank.ndph.ox.ac.uk/ukb/field.cgi?id=26422
p26423,Housing score (Wales),21182,https://biobank.ndph.ox.ac.uk/ukb/field.cgi?id=26423
p26424,Physical environment score (Wales),21182,https://biobank.ndph.ox.ac.uk/ukb/field.cgi?id=26424
p26425,Community safety score (Wales),21182,https://biobank.ndph.ox.ac.uk/ukb/field.cgi?id=26425
p26426,Index of Multiple Deprivation (Wales),21182,https://biobank.ndph.ox.ac.uk/ukb/field.cgi?id=26426
p26427,Index of Multiple Deprivation (Scotland),35845,https://biobank.ndph.ox.ac.uk/ukb/field.cgi?id=26427
p26428,Income score (Scotland),35845,https://biobank.ndph.ox.ac.uk/ukb/field.cgi?id=26428
p26429,Employment score (Scotland),35845,https://biobank.ndph.ox.ac.uk/ukb/field.cgi?id=26429
p26430,Health score (Scotland),35845,https://biobank.ndph.ox.ac.uk/ukb/field.cgi?id=26430
p26431,Education score (Scotland),35845,https://biobank.ndph.ox.ac.uk/ukb/field.cgi?id=26431
p26432,Housing score (Scotland),35845,https://biobank.ndph.ox.ac.uk/ukb/field.cgi?id=26432
p26433,Access to services score (Scotland),35845,https://biobank.ndph.ox.ac.uk/ukb/field.cgi?id=26433
p26434,Crime score (Scotland),33485,https://biobank.ndph.ox.ac.uk/ukb/field.cgi?id=26434

p40000,Date of death,44499,https://biobank.ndph.ox.ac.uk/ukb/field.cgi?id=40000
p40001,Underlying (primary) cause of death: ICD10,44196,https://biobank.ndph.ox.ac.uk/ukb/field.cgi?id=40001
p40002,Contributory (secondary) causes of death: ICD10,29451,https://biobank.ndph.ox.ac.uk/ukb/field.cgi?id=40002
p40005,Date of cancer diagnosis,123776,https://biobank.ndph.ox.ac.uk/ukb/field.cgi?id=40005
p40006,Type of cancer: ICD10,119346,https://biobank.ndph.ox.ac.uk/ukb/field.cgi?id=40006
p40007,Age at death,44499,https://biobank.ndph.ox.ac.uk/ukb/field.cgi?id=40007
p40008,Age at cancer diagnosis,123776,https://biobank.ndph.ox.ac.uk/ukb/field.cgi?id=40008
p40009,Reported occurrences of cancer,123776,https://biobank.ndph.ox.ac.uk/ukb/field.cgi?id=40009
p40010,Description of cause of death,22982,https://biobank.ndph.ox.ac.uk/ukb/field.cgi?id=40010
p40011,Histology of cancer tumour,122977,https://biobank.ndph.ox.ac.uk/ukb/field.cgi?id=40011
p40012,Behaviour of cancer tumour,122977,https://biobank.ndph.ox.ac.uk/ukb/field.cgi?id=40012
p40013,Type of cancer: ICD9,11228,https://biobank.ndph.ox.ac.uk/ukb/field.cgi?id=40013
p40018,Death record format,44499,https://biobank.ndph.ox.ac.uk/ukb/field.cgi?id=40018
p40019,Cancer record format,123806,https://biobank.ndph.ox.ac.uk/ukb/field.cgi?id=40019
p40020,Death record origin,44499,https://biobank.ndph.ox.ac.uk/ukb/field.cgi?id=40020
p40021,Cancer record origin,123806,https://biobank.ndph.ox.ac.uk/ukb/field.cgi?id=40021
p40022,Inpatient record origin,449193,https://biobank.ndph.ox.ac.uk/ukb/field.cgi?id=40022
p40023,Records in death dataset,44499,https://biobank.ndph.ox.ac.uk/ukb/field.cgi?id=40023
p40030,Sleep - Day hour average,99109,https://biobank.ndph.ox.ac.uk/ukb/field.cgi?id=40030
p40031,Sedentary - Day hour average,99109,https://biobank.ndph.ox.ac.uk/ukb/field.cgi?id=40031
p40032,Light - Day hour average,99109,https://biobank.ndph.ox.ac.uk/ukb/field.cgi?id=40032
p40033,Moderate-Vigorous - Day hour average,99109,https://biobank.ndph.ox.ac.uk/ukb/field.cgi?id=40033
p40034,Sleep - Weekday hour average,99063,https://biobank.ndph.ox.ac.uk/ukb/field.cgi?id=40034
p40035,Sedentary - Weekday hour average,99063,https://biobank.ndph.ox.ac.uk/ukb/field.cgi?id=40035
p40036,Light - Weekday hour average,99063,https://biobank.ndph.ox.ac.uk/ukb/field.cgi?id=40036
p40037,Moderate-Vigorous - Weekday hour average,99063,https://biobank.ndph.ox.ac.uk/ukb/field.cgi?id=40037
p40038,Sleep - Weekend hour average,98516,https://biobank.ndph.ox.ac.uk/ukb/field.cgi?id=40038
p40039,Sedentary - Weekend hour average,98516,https://biobank.ndph.ox.ac.uk/ukb/field.cgi?id=40039
p40040,Light - Weekend hour average,98516,https://biobank.ndph.ox.ac.uk/ukb/field.cgi?id=40040
p40041,Moderate-Vigorous - Weekend hour average,98516,https://biobank.ndph.ox.ac.uk/ukb/field.cgi?id=40041
p40042,Sleep - Day average,100106,https://biobank.ndph.ox.ac.uk/ukb/field.cgi?id=40042
p40043,Sedentary - Day average,100106,https://biobank.ndph.ox.ac.uk/ukb/field.cgi?id=40043
p40044,Light - Day average,100106,https://biobank.ndph.ox.ac.uk/ukb/field.cgi?id=40044
p40045,Moderate-Vigorous - Day average,100106,https://biobank.ndph.ox.ac.uk/ukb/field.cgi?id=40045
p40046,Sleep - Overall average,103613,https://biobank.ndph.ox.ac.uk/ukb/field.cgi?id=40046
p40047,Sedentary - Overall average,103613,https://biobank.ndph.ox.ac.uk/ukb/field.cgi?id=40047
p40048,Light - Overall average,103613,https://biobank.ndph.ox.ac.uk/ukb/field.cgi?id=40048
p40049,Moderate-Vigorous - Overall average,103613,https://biobank.ndph.ox.ac.uk/ukb/field.cgi?id=40049

p40060,Liver iron (Fe),40404,https://biobank.ndph.ox.ac.uk/ukb/field.cgi?id=40060
p40061,Proton density fat fraction (PDFF),40796,https://biobank.ndph.ox.ac.uk/ukb/field.cgi?id=40061
p40062,Liver iron corrected T1 (ct1),34334,https://biobank.ndph.ox.ac.uk/ukb/field.cgi?id=40062

p41202,Diagnoses - main ICD10,446969,https://biobank.ndph.ox.ac.uk/ukb/field.cgi?id=41202
p41203,Diagnoses - main ICD9,20390,https://biobank.ndph.ox.ac.uk/ukb/field.cgi?id=41203
p41204,Diagnoses - secondary ICD10,399976,https://biobank.ndph.ox.ac.uk/ukb/field.cgi?id=41204
p41205,Diagnoses - secondary ICD9,8742,https://biobank.ndph.ox.ac.uk/ukb/field.cgi?id=41205

p41270,Diagnoses - ICD10,446974,https://biobank.ndph.ox.ac.uk/ukb/field.cgi?id=41270
p41271,Diagnoses - ICD9,20390,https://biobank.ndph.ox.ac.uk/ukb/field.cgi?id=41271

p100001,Food weight,210960,https://biobank.ndph.ox.ac.uk/ukb/field.cgi?id=100001
p100002,Energy,210960,https://biobank.ndph.ox.ac.uk/ukb/field.cgi?id=100002
p100003,Protein,210960,https://biobank.ndph.ox.ac.uk/ukb/field.cgi?id=100003
p100004,Fat,210960,https://biobank.ndph.ox.ac.uk/ukb/field.cgi?id=100004
p100005,Carbohydrate,210960,https://biobank.ndph.ox.ac.uk/ukb/field.cgi?id=100005
p100006,Saturated fat,210960,https://biobank.ndph.ox.ac.uk/ukb/field.cgi?id=100006
p100007,Polyunsaturated fat,210960,https://biobank.ndph.ox.ac.uk/ukb/field.cgi?id=100007
p100008,Total sugars,210960,https://biobank.ndph.ox.ac.uk/ukb/field.cgi?id=100008
p100009,Englyst dietary fibre,210960,https://biobank.ndph.ox.ac.uk/ukb/field.cgi?id=100009
p100010,Portion size,210945,https://biobank.ndph.ox.ac.uk/ukb/field.cgi?id=100010
p100011,Iron,210960,https://biobank.ndph.ox.ac.uk/ukb/field.cgi?id=100011
p100012,Vitamin B6,210960,https://biobank.ndph.ox.ac.uk/ukb/field.cgi?id=100012
p100013,Vitamin B12,210960,https://biobank.ndph.ox.ac.uk/ukb/field.cgi?id=100013
p100014,Folate,210960,https://biobank.ndph.ox.ac.uk/ukb/field.cgi?id=100014
p100015,Vitamin C,210960,https://biobank.ndph.ox.ac.uk/ukb/field.cgi?id=100015
p100016,Potassium,210960,https://biobank.ndph.ox.ac.uk/ukb/field.cgi?id=100016
p100017,Magnesium,210960,https://biobank.ndph.ox.ac.uk/ukb/field.cgi?id=100017
p100018,Retinol,208017,https://biobank.ndph.ox.ac.uk/ukb/field.cgi?id=100018
p100019,Carotene,210960,https://biobank.ndph.ox.ac.uk/ukb/field.cgi?id=100019
p100020,Typical diet yesterday,210945,https://biobank.ndph.ox.ac.uk/ukb/field.cgi?id=100020
p100021,Vitamin D,210960,https://biobank.ndph.ox.ac.uk/ukb/field.cgi?id=100021
p100022,Alcohol,210960,https://biobank.ndph.ox.ac.uk/ukb/field.cgi?id=100022
p100023,Starch,210960,https://biobank.ndph.ox.ac.uk/ukb/field.cgi?id=100023
p100024,Calcium,210960,https://biobank.ndph.ox.ac.uk/ukb/field.cgi?id=100024
p100025,Vitamin E,210960,https://biobank.ndph.ox.ac.uk/ukb/field.cgi?id=100025
p100026,Daily dietary data not credible,3169,https://biobank.ndph.ox.ac.uk/ukb/field.cgi?id=100026
p100150,Drinking water intake,186923,https://biobank.ndph.ox.ac.uk/ukb/field.cgi?id=100150
p100160,Low calorie drink intake,43589,https://biobank.ndph.ox.ac.uk/ukb/field.cgi?id=100160
p100170,Fizzy drink intake,33868,https://biobank.ndph.ox.ac.uk/ukb/field.cgi?id=100170
p100180,Squash intake,44600,https://biobank.ndph.ox.ac.uk/ukb/field.cgi?id=100180
p100190,Orange juice intake,76215,https://biobank.ndph.ox.ac.uk/ukb/field.cgi?id=100190
p100200,Grapefruit juice intake,9432,https://biobank.ndph.ox.ac.uk/ukb/field.cgi?id=100200
p100210,Pure fruit/vegetable juice intake,44606,https://biobank.ndph.ox.ac.uk/ukb/field.cgi?id=100210
p100220,Fruit smoothie intake,9727,https://biobank.ndph.ox.ac.uk/ukb/field.cgi?id=100220
p100230,Dairy smoothie intake,16476,https://biobank.ndph.ox.ac.uk/ukb/field.cgi?id=100230
p100240,Coffee consumed,210945,https://biobank.ndph.ox.ac.uk/ukb/field.cgi?id=100240
p100250,Instant coffee intake,117040,https://biobank.ndph.ox.ac.uk/ukb/field.cgi?id=100250
p100260,Added milk to instant coffee,98380,https://biobank.ndph.ox.ac.uk/ukb/field.cgi?id=100260
p100270,Filtered coffee intake,61830,https://biobank.ndph.ox.ac.uk/ukb/field.cgi?id=100270
p100280,Added milk to filtered coffee,43438,https://biobank.ndph.ox.ac.uk/ukb/field.cgi?id=100280
p100290,Cappuccino intake,19226,https://biobank.ndph.ox.ac.uk/ukb/field.cgi?id=100290
p100300,Latte intake,18276,https://biobank.ndph.ox.ac.uk/ukb/field.cgi?id=100300
p100310,Espresso intake,8108,https://biobank.ndph.ox.ac.uk/ukb/field.cgi?id=100310
p100320,Added milk to espresso,2432,https://biobank.ndph.ox.ac.uk/ukb/field.cgi?id=100320
p100330,Other coffee type,3917,https://biobank.ndph.ox.ac.uk/ukb/field.cgi?id=100330
p100350,Added milk to other coffee type,2335,https://biobank.ndph.ox.ac.uk/ukb/field.cgi?id=100350
p100360,Decaffeinated coffee,39179,https://biobank.ndph.ox.ac.uk/ukb/field.cgi?id=100360
p100370,Intake of sugar added to coffee,36323,https://biobank.ndph.ox.ac.uk/ukb/field.cgi?id=100370
p100380,Intake of artificial sweetener added to coffee,17409,https://biobank.ndph.ox.ac.uk/ukb/field.cgi?id=100380
p100390,Tea consumed,210945,https://biobank.ndph.ox.ac.uk/ukb/field.cgi?id=100390
p100400,Standard tea intake,157792,https://biobank.ndph.ox.ac.uk/ukb/field.cgi?id=100400
p100410,Rooibos tea intake,11453,https://biobank.ndph.ox.ac.uk/ukb/field.cgi?id=100410
p100420,Green tea intake,19119,https://biobank.ndph.ox.ac.uk/ukb/field.cgi?id=100420
p100430,Herbal tea intake,30017,https://biobank.ndph.ox.ac.uk/ukb/field.cgi?id=100430
p100440,Other tea intake,12261,https://biobank.ndph.ox.ac.uk/ukb/field.cgi?id=100440
p100460,Added milk to standard tea,142879,https://biobank.ndph.ox.ac.uk/ukb/field.cgi?id=100460
p100470,Decaffeinated tea,16735,https://biobank.ndph.ox.ac.uk/ukb/field.cgi?id=100470
p100480,Added milk to rooibos tea,5653,https://biobank.ndph.ox.ac.uk/ukb/field.cgi?id=100480
p100490,Intake of sugar added to tea,25888,https://biobank.ndph.ox.ac.uk/ukb/field.cgi?id=100490
p100500,Intake of artificial sweetener added to tea,14071,https://biobank.ndph.ox.ac.uk/ukb/field.cgi?id=100500
p100510,Other non-alcoholic drinks,210945,https://biobank.ndph.ox.ac.uk/ukb/field.cgi?id=100510
p100520,Milk intake,15161,https://biobank.ndph.ox.ac.uk/ukb/field.cgi?id=100520
p100530,Flavoured milk intake,7903,https://biobank.ndph.ox.ac.uk/ukb/field.cgi?id=100530
p100540,Low calorie hot chocolate intake,5147,https://biobank.ndph.ox.ac.uk/ukb/field.cgi?id=100540
p100550,Hot chocolate intake,16111,https://biobank.ndph.ox.ac.uk/ukb/field.cgi?id=100550
p100560,Other drink intake,8870,https://biobank.ndph.ox.ac.uk/ukb/field.cgi?id=100560
p100580,Alcohol consumed,210945,https://biobank.ndph.ox.ac.uk/ukb/field.cgi?id=100580
p100590,Red wine intake,60885,https://biobank.ndph.ox.ac.uk/ukb/field.cgi?id=100590
p100630,Rose wine intake,11404,https://biobank.ndph.ox.ac.uk/ukb/field.cgi?id=100630
p100670,White wine intake,48877,https://biobank.ndph.ox.ac.uk/ukb/field.cgi?id=100670
p100710,Beer/cider intake,51693,https://biobank.ndph.ox.ac.uk/ukb/field.cgi?id=100710
p100720,Fortified wine intake,7585,https://biobank.ndph.ox.ac.uk/ukb/field.cgi?id=100720
p100730,Spirits intake,26522,https://biobank.ndph.ox.ac.uk/ukb/field.cgi?id=100730
p100740,Other alcohol intake,6229,https://biobank.ndph.ox.ac.uk/ukb/field.cgi?id=100740
p100760,Breakfast cereal consumed,210945,https://biobank.ndph.ox.ac.uk/ukb/field.cgi?id=100760
p100770,Porridge intake,50506,https://biobank.ndph.ox.ac.uk/ukb/field.cgi?id=100770
p100800,Muesli intake,46488,https://biobank.ndph.ox.ac.uk/ukb/field.cgi?id=100800
p100810,Oat crunch intake,13645,https://biobank.ndph.ox.ac.uk/ukb/field.cgi?id=100810
p100820,Sweetened cereal intake,10617,https://biobank.ndph.ox.ac.uk/ukb/field.cgi?id=100820
p100830,Plain cereal intake,28566,https://biobank.ndph.ox.ac.uk/ukb/field.cgi?id=100830
p100840,Bran cereal intake,29537,https://biobank.ndph.ox.ac.uk/ukb/field.cgi?id=100840
p100850,Whole-wheat cereal intake,39499,https://biobank.ndph.ox.ac.uk/ukb/field.cgi?id=100850
p100860,Other cereal intake,10178,https://biobank.ndph.ox.ac.uk/ukb/field.cgi?id=100860
p100880,Dried fruit added to cereal,82556,https://biobank.ndph.ox.ac.uk/ukb/field.cgi?id=100880
p100890,Milk added to cereal,136508,https://biobank.ndph.ox.ac.uk/ukb/field.cgi?id=100890
p100900,Intake of sugar added to cereal,41602,https://biobank.ndph.ox.ac.uk/ukb/field.cgi?id=100900
p100910,Intake of artificial sweetener added to cereal,7763,https://biobank.ndph.ox.ac.uk/ukb/field.cgi?id=100910
p100920,Type milk consumed,210945,https://biobank.ndph.ox.ac.uk/ukb/field.cgi?id=100920
p100940,Bread consumed,210945,https://biobank.ndph.ox.ac.uk/ukb/field.cgi?id=100940
p100950,Sliced bread intake,160966,https://biobank.ndph.ox.ac.uk/ukb/field.cgi?id=100950
p101020,Baguette intake,36975,https://biobank.ndph.ox.ac.uk/ukb/field.cgi?id=101020
p101090,Bap intake,14817,https://biobank.ndph.ox.ac.uk/ukb/field.cgi?id=101090
p101160,Bread roll intake,55740,https://biobank.ndph.ox.ac.uk/ukb/field.cgi?id=101160
p101230,Naan bread intake,8823,https://biobank.ndph.ox.ac.uk/ukb/field.cgi?id=101230
p101240,Garlic bread intake,8402,https://biobank.ndph.ox.ac.uk/ukb/field.cgi?id=101240
p101250,Crispbread intake,43839,https://biobank.ndph.ox.ac.uk/ukb/field.cgi?id=101250
p101260,Oatcakes intake,16762,https://biobank.ndph.ox.ac.uk/ukb/field.cgi?id=101260
p101270,Other bread intake,25933,https://biobank.ndph.ox.ac.uk/ukb/field.cgi?id=101270
p101300,Butter/margarine on bread/crackers,161157,https://biobank.ndph.ox.ac.uk/ukb/field.cgi?id=101300
p101310,Number of bread slices with butter/margarine,137076,https://biobank.ndph.ox.ac.uk/ukb/field.cgi?id=101310
p101350,Number of baguettes with butter/margarine,22300,https://biobank.ndph.ox.ac.uk/ukb/field.cgi?id=101350
p101390,Number of baps with  butter/margarine,6735,https://biobank.ndph.ox.ac.uk/ukb/field.cgi?id=101390
p101430,Number of bread rolls with  butter/margarine,38076,https://biobank.ndph.ox.ac.uk/ukb/field.cgi?id=101430
p101470,Number of crackers/crispbreads with butter/margarine,17408,https://biobank.ndph.ox.ac.uk/ukb/field.cgi?id=101470
p101510,Number of oatcakes with  butter/margarine,4024,https://biobank.ndph.ox.ac.uk/ukb/field.cgi?id=101510
p101550,Number of other bread types with  butter/margarine,12027,https://biobank.ndph.ox.ac.uk/ukb/field.cgi?id=101550
p101970,Double crust pastry intake,20691,https://biobank.ndph.ox.ac.uk/ukb/field.cgi?id=101970
p101980,Single crust pastry intake,18682,https://biobank.ndph.ox.ac.uk/ukb/field.cgi?id=101980
p101990,Crumble intake,11540,https://biobank.ndph.ox.ac.uk/ukb/field.cgi?id=101990
p102000,Pizza intake,14908,https://biobank.ndph.ox.ac.uk/ukb/field.cgi?id=102000
p102010,Pancake intake,3528,https://biobank.ndph.ox.ac.uk/ukb/field.cgi?id=102010
p102020,Scotch pancake intake,3112,https://biobank.ndph.ox.ac.uk/ukb/field.cgi?id=102020
p102030,Yorkshire pudding intake,12836,https://biobank.ndph.ox.ac.uk/ukb/field.cgi?id=102030
p102040,Indian snacks intake,5834,https://biobank.ndph.ox.ac.uk/ukb/field.cgi?id=102040
p102050,Croissant intake,9615,https://biobank.ndph.ox.ac.uk/ukb/field.cgi?id=102050
p102060,Danish pastry intake,8916,https://biobank.ndph.ox.ac.uk/ukb/field.cgi?id=102060
p102070,Scone intake,19536,https://biobank.ndph.ox.ac.uk/ukb/field.cgi?id=102070
p102080,Yogurt/ice-cream consumers,210945,https://biobank.ndph.ox.ac.uk/ukb/field.cgi?id=102080
p102090,Yogurt intake,97434,https://biobank.ndph.ox.ac.uk/ukb/field.cgi?id=102090
p102120,Ice-cream intake,42403,https://biobank.ndph.ox.ac.uk/ukb/field.cgi?id=102120
p102130,Dessert consumers,210945,https://biobank.ndph.ox.ac.uk/ukb/field.cgi?id=102130
p102140,Milk-based pudding intake,16823,https://biobank.ndph.ox.ac.uk/ukb/field.cgi?id=102140
p102150,Other milk-based pudding intake,9797,https://biobank.ndph.ox.ac.uk/ukb/field.cgi?id=102150
p102170,Soya dessert intake,2287,https://biobank.ndph.ox.ac.uk/ukb/field.cgi?id=102170
p102180,Fruitcake intake,21335,https://biobank.ndph.ox.ac.uk/ukb/field.cgi?id=102180
p102190,Cake intake,50694,https://biobank.ndph.ox.ac.uk/ukb/field.cgi?id=102190
p102200,Doughnut intake,3672,https://biobank.ndph.ox.ac.uk/ukb/field.cgi?id=102200
p102210,Sponge pudding intake,9829,https://biobank.ndph.ox.ac.uk/ukb/field.cgi?id=102210
p102220,Cheesecake intake,10111,https://biobank.ndph.ox.ac.uk/ukb/field.cgi?id=102220
p102230,Other dessert intake,36055,https://biobank.ndph.ox.ac.uk/ukb/field.cgi?id=102230
p102250,Sweet snack consumers,210945,https://biobank.ndph.ox.ac.uk/ukb/field.cgi?id=102250
p102260,Chocolate bar intake,28378,https://biobank.ndph.ox.ac.uk/ukb/field.cgi?id=102260
p102270,White chocolate intake,2371,https://biobank.ndph.ox.ac.uk/ukb/field.cgi?id=102270
p102280,Milk chocolate intake,25765,https://biobank.ndph.ox.ac.uk/ukb/field.cgi?id=102280
p102290,Dark chocolate intake,22601,https://biobank.ndph.ox.ac.uk/ukb/field.cgi?id=102290
p102300,Chocolate-covered raisin intake,3502,https://biobank.ndph.ox.ac.uk/ukb/field.cgi?id=102300
p102310,Chocolate sweet intake,22614,https://biobank.ndph.ox.ac.uk/ukb/field.cgi?id=102310
p102320,Diet sweets intake,3221,https://biobank.ndph.ox.ac.uk/ukb/field.cgi?id=102320
p102330,Sweets intake,25520,https://biobank.ndph.ox.ac.uk/ukb/field.cgi?id=102330
p102340,Chocolate-covered biscuits intake,30064,https://biobank.ndph.ox.ac.uk/ukb/field.cgi?id=102340
p102350,Chocolate biscuits intake,37734,https://biobank.ndph.ox.ac.uk/ukb/field.cgi?id=102350
p102360,Sweet biscuits intake,63910,https://biobank.ndph.ox.ac.uk/ukb/field.cgi?id=102360
p102370,Cereal bar intake,21589,https://biobank.ndph.ox.ac.uk/ukb/field.cgi?id=102370
p102380,Other sweets intake,10291,https://biobank.ndph.ox.ac.uk/ukb/field.cgi?id=102380
p102400,Savoury snack consumers,210945,https://biobank.ndph.ox.ac.uk/ukb/field.cgi?id=102400
p102410,Salted peanuts intake,14426,https://biobank.ndph.ox.ac.uk/ukb/field.cgi?id=102410
p102420,Unsalted peanuts intake,3744,https://biobank.ndph.ox.ac.uk/ukb/field.cgi?id=102420
p102430,Salted nuts intake,10286,https://biobank.ndph.ox.ac.uk/ukb/field.cgi?id=102430
p102440,Unsalted nuts intake,27014,https://biobank.ndph.ox.ac.uk/ukb/field.cgi?id=102440
p102450,Seeds intake,11981,https://biobank.ndph.ox.ac.uk/ukb/field.cgi?id=102450
p102460,Crisp intake,63314,https://biobank.ndph.ox.ac.uk/ukb/field.cgi?id=102460
p102470,Savoury biscuits intake,3811,https://biobank.ndph.ox.ac.uk/ukb/field.cgi?id=102470
p102480,Cheesy biscuits intake,6056,https://biobank.ndph.ox.ac.uk/ukb/field.cgi?id=102480
p102490,Olives intake,14807,https://biobank.ndph.ox.ac.uk/ukb/field.cgi?id=102490
p102500,Other savoury snack intake,11631,https://biobank.ndph.ox.ac.uk/ukb/field.cgi?id=102500
p102520,Soup consumers,210945,https://biobank.ndph.ox.ac.uk/ukb/field.cgi?id=102520
p102530,Powdered/instant soup intake,8834,https://biobank.ndph.ox.ac.uk/ukb/field.cgi?id=102530
p102540,Canned soup intake,20794,https://biobank.ndph.ox.ac.uk/ukb/field.cgi?id=102540
p102620,Homemade soup intake,34424,https://biobank.ndph.ox.ac.uk/ukb/field.cgi?id=102620
p102700,Starchy food consumers,210945,https://biobank.ndph.ox.ac.uk/ukb/field.cgi?id=102700
p102710,White pasta intake,44641,https://biobank.ndph.ox.ac.uk/ukb/field.cgi?id=102710
p102720,Wholemeal pasta intake,8378,https://biobank.ndph.ox.ac.uk/ukb/field.cgi?id=102720
p102730,White rice intake,43258,https://biobank.ndph.ox.ac.uk/ukb/field.cgi?id=102730
p102740,Brown rice intake,9903,https://biobank.ndph.ox.ac.uk/ukb/field.cgi?id=102740
p102750,Sushi intake,1471,https://biobank.ndph.ox.ac.uk/ukb/field.cgi?id=102750
p102760,Snackpot intake,752,https://biobank.ndph.ox.ac.uk/ukb/field.cgi?id=102760
p102770,Couscous intake,8598,https://biobank.ndph.ox.ac.uk/ukb/field.cgi?id=102770
p102780,Other grain intake,2658,https://biobank.ndph.ox.ac.uk/ukb/field.cgi?id=102780
p102800,Cheese consumers,210945,https://biobank.ndph.ox.ac.uk/ukb/field.cgi?id=102800
p102810,Low fat hard cheese intake,20005,https://biobank.ndph.ox.ac.uk/ukb/field.cgi?id=102810
p102820,Hard cheese intake,91889,https://biobank.ndph.ox.ac.uk/ukb/field.cgi?id=102820
p102830,Soft cheese intake,17480,https://biobank.ndph.ox.ac.uk/ukb/field.cgi?id=102830
p102840,Blue cheese intake,12933,https://biobank.ndph.ox.ac.uk/ukb/field.cgi?id=102840
p102850,Low fat cheese spread intake,7428,https://biobank.ndph.ox.ac.uk/ukb/field.cgi?id=102850
p102860,Cheese spread intake,7747,https://biobank.ndph.ox.ac.uk/ukb/field.cgi?id=102860
p102870,Cottage cheese intake,5607,https://biobank.ndph.ox.ac.uk/ukb/field.cgi?id=102870
p102880,Feta intake,5480,https://biobank.ndph.ox.ac.uk/ukb/field.cgi?id=102880
p102890,Mozzarella intake,7144,https://biobank.ndph.ox.ac.uk/ukb/field.cgi?id=102890
p102900,Goat's cheese intake,6771,https://biobank.ndph.ox.ac.uk/ukb/field.cgi?id=102900
p102910,Other cheese intake,8425,https://biobank.ndph.ox.ac.uk/ukb/field.cgi?id=102910
p102930,Egg consumers,210945,https://biobank.ndph.ox.ac.uk/ukb/field.cgi?id=102930
p102940,Whole egg intake,52133,https://biobank.ndph.ox.ac.uk/ukb/field.cgi?id=102940
p102950,Omelette intake,20383,https://biobank.ndph.ox.ac.uk/ukb/field.cgi?id=102950
p102960,Eggs in sandwiches intake,10302,https://biobank.ndph.ox.ac.uk/ukb/field.cgi?id=102960
p102970,Scotch egg intake,988,https://biobank.ndph.ox.ac.uk/ukb/field.cgi?id=102970
p102980,Other egg intake,6462,https://biobank.ndph.ox.ac.uk/ukb/field.cgi?id=102980
p103000,Meat consumers,210945,https://biobank.ndph.ox.ac.uk/ukb/field.cgi?id=103000
p103010,Sausage intake,32209,https://biobank.ndph.ox.ac.uk/ukb/field.cgi?id=103010
p103020,Beef intake,69687,https://biobank.ndph.ox.ac.uk/ukb/field.cgi?id=103020
p103030,Pork intake,28881,https://biobank.ndph.ox.ac.uk/ukb/field.cgi?id=103030
p103040,Lamb intake,22834,https://biobank.ndph.ox.ac.uk/ukb/field.cgi?id=103040
p103050,Crumbed or deep-fried poultry intake,13762,https://biobank.ndph.ox.ac.uk/ukb/field.cgi?id=103050
p103060,Poultry intake,83137,https://biobank.ndph.ox.ac.uk/ukb/field.cgi?id=103060
p103070,Bacon intake,37280,https://biobank.ndph.ox.ac.uk/ukb/field.cgi?id=103070
p103080,Ham intake,57061,https://biobank.ndph.ox.ac.uk/ukb/field.cgi?id=103080
p103090,Liver intake,9132,https://biobank.ndph.ox.ac.uk/ukb/field.cgi?id=103090
p103100,Other meat intake,8735,https://biobank.ndph.ox.ac.uk/ukb/field.cgi?id=103100
p103120,Fat removed from meat,105561,https://biobank.ndph.ox.ac.uk/ukb/field.cgi?id=103120
p103130,Skin removed from poultry,82008,https://biobank.ndph.ox.ac.uk/ukb/field.cgi?id=103130
p103140,Fish consumer,210945,https://biobank.ndph.ox.ac.uk/ukb/field.cgi?id=103140
p103150,Tinned tuna intake,20551,https://biobank.ndph.ox.ac.uk/ukb/field.cgi?id=103150
p103160,Oily fish intake,44505,https://biobank.ndph.ox.ac.uk/ukb/field.cgi?id=103160
p103170,Breaded fish intake,9724,https://biobank.ndph.ox.ac.uk/ukb/field.cgi?id=103170
p103180,Battered fish intake,8837,https://biobank.ndph.ox.ac.uk/ukb/field.cgi?id=103180
p103190,White fish intake,21710,https://biobank.ndph.ox.ac.uk/ukb/field.cgi?id=103190
p103200,Prawns intake,19110,https://biobank.ndph.ox.ac.uk/ukb/field.cgi?id=103200
p103210,Lobster/crab intake,2275,https://biobank.ndph.ox.ac.uk/ukb/field.cgi?id=103210
p103220,Shellfish intake,4829,https://biobank.ndph.ox.ac.uk/ukb/field.cgi?id=103220
p103230,Other fish intake,8117,https://biobank.ndph.ox.ac.uk/ukb/field.cgi?id=103230
p103250,Vegetarian alternatives intake,210945,https://biobank.ndph.ox.ac.uk/ukb/field.cgi?id=103250
p103260,Vegetarian sausages/burgers intake,3717,https://biobank.ndph.ox.ac.uk/ukb/field.cgi?id=103260
p103270,Tofu intake,2933,https://biobank.ndph.ox.ac.uk/ukb/field.cgi?id=103270
p103280,Quorn intake,5250,https://biobank.ndph.ox.ac.uk/ukb/field.cgi?id=103280
p103290,Other vegetarian alternative intake,3720,https://biobank.ndph.ox.ac.uk/ukb/field.cgi?id=103290
p103310,Spreads/sauces consumers,210945,https://biobank.ndph.ox.ac.uk/ukb/field.cgi?id=103310
p103980,No fat for cooking,67306,https://biobank.ndph.ox.ac.uk/ukb/field.cgi?id=103980
p103990,Vegetable consumers,210945,https://biobank.ndph.ox.ac.uk/ukb/field.cgi?id=103990
p104000,Baked bean intake,29663,https://biobank.ndph.ox.ac.uk/ukb/field.cgi?id=104000
p104010,Pulses intake,35352,https://biobank.ndph.ox.ac.uk/ukb/field.cgi?id=104010
p104020,Fried potatoes intake,67162,https://biobank.ndph.ox.ac.uk/ukb/field.cgi?id=104020
p104030,Boiled/baked potatoes intake,89534,https://biobank.ndph.ox.ac.uk/ukb/field.cgi?id=104030
p104040,Butter/margarine added to potatoes,16697,https://biobank.ndph.ox.ac.uk/ukb/field.cgi?id=104040
p104050,Mashed potato intake,41115,https://biobank.ndph.ox.ac.uk/ukb/field.cgi?id=104050
p104060,Mixed vegetable intake,34391,https://biobank.ndph.ox.ac.uk/ukb/field.cgi?id=104060
p104070,Vegetable pieces intake,48118,https://biobank.ndph.ox.ac.uk/ukb/field.cgi?id=104070
p104080,Coleslaw intake,23144,https://biobank.ndph.ox.ac.uk/ukb/field.cgi?id=104080
p104090,Side salad intake,79064,https://biobank.ndph.ox.ac.uk/ukb/field.cgi?id=104090
p104100,Avocado intake,13471,https://biobank.ndph.ox.ac.uk/ukb/field.cgi?id=104100
p104110,Broad bean intake,10003,https://biobank.ndph.ox.ac.uk/ukb/field.cgi?id=104110
p104120,Green bean intake,39267,https://biobank.ndph.ox.ac.uk/ukb/field.cgi?id=104120
p104130,Beetroot intake,25922,https://biobank.ndph.ox.ac.uk/ukb/field.cgi?id=104130
p104140,Broccoli intake,56708,https://biobank.ndph.ox.ac.uk/ukb/field.cgi?id=104140
p104150,Butternut squash intake,8696,https://biobank.ndph.ox.ac.uk/ukb/field.cgi?id=104150
p104160,Cabbage/kale intake,34102,https://biobank.ndph.ox.ac.uk/ukb/field.cgi?id=104160
p104170,Carrot intake,93398,https://biobank.ndph.ox.ac.uk/ukb/field.cgi?id=104170
p104180,Cauliflower intake,31839,https://biobank.ndph.ox.ac.uk/ukb/field.cgi?id=104180
p104190,Celery intake,28576,https://biobank.ndph.ox.ac.uk/ukb/field.cgi?id=104190
p104200,Courgette intake,22725,https://biobank.ndph.ox.ac.uk/ukb/field.cgi?id=104200
p104210,Cucumber intake,49868,https://biobank.ndph.ox.ac.uk/ukb/field.cgi?id=104210
p104220,Garlic intake,39500,https://biobank.ndph.ox.ac.uk/ukb/field.cgi?id=104220
p104230,Leek intake,19299,https://biobank.ndph.ox.ac.uk/ukb/field.cgi?id=104230
p104240,Lettuce intake,71337,https://biobank.ndph.ox.ac.uk/ukb/field.cgi?id=104240
p104250,Mushroom intake,51531,https://biobank.ndph.ox.ac.uk/ukb/field.cgi?id=104250
p104260,Onion intake,84429,https://biobank.ndph.ox.ac.uk/ukb/field.cgi?id=104260
p104270,Parsnip intake,16060,https://biobank.ndph.ox.ac.uk/ukb/field.cgi?id=104270
p104280,Pea intake,51142,https://biobank.ndph.ox.ac.uk/ukb/field.cgi?id=104280
p104290,Sweet pepper intake,58192,https://biobank.ndph.ox.ac.uk/ukb/field.cgi?id=104290
p104300,Spinach intake,20042,https://biobank.ndph.ox.ac.uk/ukb/field.cgi?id=104300
p104310,Sprouts intake,11558,https://biobank.ndph.ox.ac.uk/ukb/field.cgi?id=104310
p104320,Sweetcorn intake,19464,https://biobank.ndph.ox.ac.uk/ukb/field.cgi?id=104320
p104330,Sweet potato intake,8637,https://biobank.ndph.ox.ac.uk/ukb/field.cgi?id=104330
p104340,Fresh tomato intake,100823,https://biobank.ndph.ox.ac.uk/ukb/field.cgi?id=104340
p104350,Tinned tomato intake,38200,https://biobank.ndph.ox.ac.uk/ukb/field.cgi?id=104350
p104360,Turnip/swede intake,11316,https://biobank.ndph.ox.ac.uk/ukb/field.cgi?id=104360
p104370,Watercress intake,14711,https://biobank.ndph.ox.ac.uk/ukb/field.cgi?id=104370
p104380,Other vegetables intake,22791,https://biobank.ndph.ox.ac.uk/ukb/field.cgi?id=104380
p104400,Fruit consumers,210945,https://biobank.ndph.ox.ac.uk/ukb/field.cgi?id=104400
p104410,Stewed fruit intake,24137,https://biobank.ndph.ox.ac.uk/ukb/field.cgi?id=104410
p104420,Prune intake,13293,https://biobank.ndph.ox.ac.uk/ukb/field.cgi?id=104420
p104430,Dried fruit intake,36077,https://biobank.ndph.ox.ac.uk/ukb/field.cgi?id=104430
p104440,Mixed fruit intake,20079,https://biobank.ndph.ox.ac.uk/ukb/field.cgi?id=104440
p104450,Apple intake,98693,https://biobank.ndph.ox.ac.uk/ukb/field.cgi?id=104450
p104460,Banana intake,118285,https://biobank.ndph.ox.ac.uk/ukb/field.cgi?id=104460
p104470,Berry intake,58704,https://biobank.ndph.ox.ac.uk/ukb/field.cgi?id=104470
p104480,Cherry intake,11334,https://biobank.ndph.ox.ac.uk/ukb/field.cgi?id=104480
p104490,Grapefruit intake,10468,https://biobank.ndph.ox.ac.uk/ukb/field.cgi?id=104490
p104500,Grape intake,57287,https://biobank.ndph.ox.ac.uk/ukb/field.cgi?id=104500
p104510,Mango intake,9198,https://biobank.ndph.ox.ac.uk/ukb/field.cgi?id=104510
p104520,Melon intake,17142,https://biobank.ndph.ox.ac.uk/ukb/field.cgi?id=104520
p104530,Orange intake,38780,https://biobank.ndph.ox.ac.uk/ukb/field.cgi?id=104530
p104540,Satsuma intake,49804,https://biobank.ndph.ox.ac.uk/ukb/field.cgi?id=104540
p104550,Peach/nectarine intake,23558,https://biobank.ndph.ox.ac.uk/ukb/field.cgi?id=104550
p104560,Pear intake,38392,https://biobank.ndph.ox.ac.uk/ukb/field.cgi?id=104560
p104570,Pineapple intake,16774,https://biobank.ndph.ox.ac.uk/ukb/field.cgi?id=104570
p104580,Plum intake,20388,https://biobank.ndph.ox.ac.uk/ukb/field.cgi?id=104580
p104590,Other fruit intake,18362,https://biobank.ndph.ox.ac.uk/ukb/field.cgi?id=104590
p104660,Added salt to food,63862,https://biobank.ndph.ox.ac.uk/ukb/field.cgi?id=104660
p104670,Vitamin supplement user,210945,https://biobank.ndph.ox.ac.uk/ukb/field.cgi?id=104670

p104900,Time spent doing vigorous physical activity,210945,https://biobank.ndph.ox.ac.uk/ukb/field.cgi?id=104900
p104910,Time spent doing moderate physical activity,210945,https://biobank.ndph.ox.ac.uk/ukb/field.cgi?id=104910
p104920,Time spent doing light physical activity,210945,https://biobank.ndph.ox.ac.uk/ukb/field.cgi?id=104920
p105010,When diet questionnaire completed,210948,https://biobank.ndph.ox.ac.uk/ukb/field.cgi?id=105010
p105030,When diet questionnaire started,210948,https://biobank.ndph.ox.ac.uk/ukb/field.cgi?id=105030
p110001,"Invitation to complete online 24-hour recall dietary questionnaire, acceptance",330840,https://biobank.ndph.ox.ac.uk/ukb/field.cgi?id=110001
p110002,"Invitation to complete online 24-hour recall dietary questionnaire, date sent",330840,https://biobank.ndph.ox.ac.uk/ukb/field.cgi?id=110002
